<?xml version="1.0" encoding="UTF-8"?>

<!DOCTYPE hibernate-mapping PUBLIC 
"-//Hibernate/Hibernate Mapping DTD 3.0//EN"
"http://hibernate.sourceforge.net/hibernate-mapping-3.0.dtd">

<hibernate-mapping>
	
	<class name="vo.RegVO" table="register">

		<id name="id" type="int" column="id">
			<generator class="increment"/>
		</id>

		<property name="firstname">
			<column name="firstname"/>
		</property>
		
		<property name="lastname">
			<column name="lastname"/>
		</property>
				
	</class>

</hibernate-mapping>