<?xml version="1.0" encoding="UTF-8"?>
<!DOCTYPE hibernate-mapping PUBLIC 
"-//Hibernate/Hibernate Mapping DTD 3.0//EN"
"http://hibernate.sourceforge.net/hibernate-mapping-3.0.dtd">

<hibernate-mapping>
	
	<class name="VO.Cityvo" table="cityname">
		
		<id name="cityid" type="int" column="cityid">
			<generator class="increment"></generator>
		</id>
		
		<property name="cityname">
			<column name="cityname"/>
		</property>
		
			<many-to-one class="VO.Statevo" name="Statevo" column="stateid" lazy="false"></many-to-one>
	</class>
</hibernate-mapping>