<?xml version="1.0" encoding="UTF-8"?>

<!DOCTYPE hibernate-mapping PUBLIC 
"-//Hibernate/Hibernate Mapping DTD 3.0//EN"
"http://hibernate.sourceforge.net/hibernate-mapping-3.0.dtd">

<hibernate-mapping>
	<class name="VO.Countryvo" table="countryname">
	<id name="id" type="int" column="id">
			<generator class="increment"/>
		</id>

		<property name="countryname">
			<column name="countryname"/>
		</property>
		
		<property name="countrydesc">
			<column name="cdesc"/>
		</property>
		</class>
</hibernate-mapping>