<?xml version="1.0" encoding="UTF-8"?>
<!DOCTYPE hibernate-mapping PUBLIC 
"-//Hibernate/Hibernate Mapping DTD 3.0//EN"
"http://hibernate.sourceforge.net/hibernate-mapping-3.0.dtd">

<hibernate-mapping>

	<class name="VO.Statevo" table="statename">
	
		<id name="stateid" type="int" column="stateid">
			<generator class="increment"/>
		</id>
		
		<property name="statename">
			<column name="statename"/>
		</property>
		
		<many-to-one class="VO.Countryvo" name="countryvo" column="countryid" lazy="false">
		</many-to-one>
	</class>
</hibernate-mapping>